airline,de,hacia,day,month,year,age,gender,reason,stay,transit,connection,wait
Alaska,SJC,LAX,1,8,2020,76,unspecified,Business/Work,Short-term homestay,Public Transportation,False,0
Alaska,LAX,GDL,7,2,2021,74,unspecified,Business/Work,Short-term homestay,,True,34
Alaska,JFK,LAX,17,8,2022,22,female,Back Home,Home,,False,0
Delta Airlines,PDX,JFK,12,8,2013,26,unspecified,Business/Work,Hotel,Airport cab,False,0
Volaris,GDL,SJC,25,11,2014,25,female,On vacation/Pleasure,Short-term homestay,Airport cab,False,0
American Airlines,GDL,SJC,7,9,2018,41,unspecified,On vacation/Pleasure,Short-term homestay,,True,293
Alaska,LAX,JFK,2,7,2020,27,unspecified,On vacation/Pleasure,Home,,True,662
Volaris,LAX,JFK,25,9,2014,20,male,On vacation/Pleasure,Friend/Family,Own car,False,0
Alaska,GDL,JFK,5,9,2022,18,male,Back Home,Home,,False,0
Alaska,PDX,GDL,29,1,2015,62,female,Business/Work,Home,Pickup,False,0
Alaska,PDX,LAX,11,5,2019,88,undisclosed,On vacation/Pleasure,Friend/Family,,True,441
Alaska,SJC,PDX,23,8,2013,53,male,Business/Work,Home,Pickup,False,0
Aeromexico,PDX,GDL,14,7,2020,3,unspecified,Back Home,Home,,False,0
Aeromexico,JFK,PDX,18,4,2023,65,unspecified,On vacation/Pleasure,Short-term homestay,Own car,False,0
American Airlines,SJC,PDX,18,4,2015,43,unspecified,Back Home,Home,Own car,False,0
Delta Airlines,JFK,LAX,11,1,2023,1,undisclosed,Back Home,Home,,False,0
Alaska,JFK,PDX,25,8,2018,84,female,On vacation/Pleasure,Home,Car rental,False,0
Delta Airlines,PDX,LAX,14,6,2015,28,unspecified,Back Home,Home,Own car,False,0
Delta Airlines,LAX,PDX,30,10,2020,3,unspecified,On vacation/Pleasure,Home,,True,317
Aeromexico,LAX,PDX,29,6,2016,79,undisclosed,On vacation/Pleasure,Friend/Family,Mobility as a service,False,0
Aeromexico,GDL,SJC,7,2,2014,53,undisclosed,Back Home,Home,Public Transportation,False,0
Volaris,LAX,PDX,12,5,2022,50,male,Back Home,Home,Car rental,False,0
Aeromexico,JFK,SJC,6,5,2018,47,male,On vacation/Pleasure,Home,,True,531
Aeromexico,PDX,JFK,23,9,2019,84,unspecified,On vacation/Pleasure,Friend/Family,Car rental,False,0
American Airlines,GDL,JFK,9,6,2015,86,undisclosed,On vacation/Pleasure,Hotel,,True,361
Delta Airlines,GDL,SJC,11,6,2021,86,female,Business/Work,Home,,True,640
American Airlines,PDX,GDL,13,9,2016,2,female,Business/Work,Short-term homestay,Public Transportation,False,0
Volaris,LAX,PDX,23,11,2017,42,undisclosed,On vacation/Pleasure,Friend/Family,Car rental,False,0
Delta Airlines,LAX,GDL,7,7,2016,23,unspecified,Business/Work,Hotel,,True,676
Alaska,GDL,LAX,25,5,2016,70,female,Back Home,Home,,False,0
Delta Airlines,LAX,PDX,4,1,2019,60,unspecified,On vacation/Pleasure,Friend/Family,,True,227
Delta Airlines,LAX,JFK,1,4,2022,50,unspecified,Back Home,Home,,False,0
Volaris,JFK,GDL,24,6,2018,89,male,On vacation/Pleasure,Home,Pickup,False,0
American Airlines,GDL,PDX,29,8,2019,69,unspecified,Back Home,Home,Own car,False,0
Volaris,LAX,GDL,1,10,2018,71,unspecified,Back Home,Home,Car rental,False,0
Delta Airlines,GDL,JFK,1,6,2018,40,male,On vacation/Pleasure,Friend/Family,Pickup,False,0
American Airlines,SJC,GDL,5,8,2021,28,female,On vacation/Pleasure,Hotel,,True,139
American Airlines,PDX,JFK,12,10,2014,29,unspecified,On vacation/Pleasure,Friend/Family,Public Transportation,False,0
Alaska,PDX,GDL,15,7,2022,21,unspecified,Back Home,Home,Own car,False,0
Alaska,LAX,JFK,3,8,2022,29,male,Business/Work,Hotel,Car rental,False,0
Aeromexico,PDX,GDL,1,2,2018,16,male,Back Home,Home,,False,0
Alaska,JFK,PDX,6,9,2013,32,unspecified,Business/Work,Hotel,Public Transportation,False,0
Delta Airlines,LAX,PDX,27,4,2016,6,unspecified,Back Home,Home,,False,0
Delta Airlines,GDL,PDX,16,9,2022,47,unspecified,Business/Work,Home,Airport cab,False,0
Alaska,LAX,SJC,23,7,2020,64,male,On vacation/Pleasure,Hotel,,True,491
Aeromexico,GDL,JFK,31,5,2019,31,female,Back Home,Home,,False,0
Volaris,PDX,LAX,6,9,2014,48,male,Back Home,Home,,False,0
American Airlines,JFK,GDL,16,5,2022,67,male,On vacation/Pleasure,Hotel,Car rental,False,0
Alaska,SJC,PDX,26,2,2014,68,unspecified,Business/Work,Home,Mobility as a service,False,0
Alaska,LAX,JFK,23,5,2019,18,female,Business/Work,Short-term homestay,,True,619
American Airlines,JFK,PDX,4,11,2014,3,male,Business/Work,Friend/Family,,True,194
Volaris,SJC,LAX,12,10,2019,51,unspecified,Back Home,Home,,False,0
Delta Airlines,JFK,GDL,2,9,2022,11,unspecified,Back Home,Home,,False,0
Aeromexico,LAX,PDX,30,8,2019,32,male,On vacation/Pleasure,Short-term homestay,Own car,False,0
Delta Airlines,PDX,JFK,11,7,2014,64,unspecified,Back Home,Home,,False,0
American Airlines,PDX,SJC,12,8,2022,89,unspecified,Back Home,Home,Public Transportation,False,0
Alaska,GDL,JFK,8,3,2023,43,unspecified,Business/Work,Friend/Family,,True,164
Aeromexico,SJC,GDL,1,5,2016,83,unspecified,Business/Work,Friend/Family,Mobility as a service,False,0
American Airlines,LAX,JFK,1,5,2018,74,male,On vacation/Pleasure,Friend/Family,,True,340
American Airlines,GDL,LAX,16,11,2017,23,female,Back Home,Home,,False,0
Delta Airlines,PDX,JFK,14,11,2017,81,female,Business/Work,Hotel,,True,399
Volaris,SJC,PDX,31,3,2013,74,unspecified,On vacation/Pleasure,Home,,True,328
Volaris,SJC,PDX,18,1,2015,39,female,On vacation/Pleasure,Home,,True,265
Volaris,GDL,SJC,16,2,2015,7,male,Back Home,Home,Public Transportation,False,0
Alaska,JFK,PDX,20,3,2022,24,male,On vacation/Pleasure,Short-term homestay,,True,354
Alaska,GDL,LAX,4,7,2014,20,female,Business/Work,Hotel,,True,619
Alaska,SJC,JFK,7,4,2017,18,undisclosed,Business/Work,Hotel,,True,396
American Airlines,PDX,SJC,20,2,2023,88,undisclosed,Business/Work,Short-term homestay,,True,587
Aeromexico,GDL,JFK,8,1,2015,24,male,Business/Work,Short-term homestay,,True,81
American Airlines,GDL,JFK,30,4,2013,56,male,Business/Work,Short-term homestay,,True,420
Delta Airlines,GDL,PDX,27,6,2016,8,unspecified,Business/Work,Friend/Family,Car rental,False,0
Alaska,GDL,PDX,21,1,2022,30,female,Back Home,Home,,False,0
Delta Airlines,PDX,SJC,1,4,2016,83,male,On vacation/Pleasure,Short-term homestay,Own car,False,0
Volaris,LAX,PDX,11,7,2020,69,male,Business/Work,Home,,True,381
Aeromexico,SJC,JFK,19,12,2015,65,female,On vacation/Pleasure,Friend/Family,,True,72
American Airlines,LAX,JFK,22,11,2022,34,female,Business/Work,Short-term homestay,Pickup,False,0
Delta Airlines,PDX,SJC,12,4,2019,32,unspecified,On vacation/Pleasure,Hotel,Public Transportation,False,0
Alaska,PDX,GDL,11,1,2018,72,male,Back Home,Home,,False,0
Volaris,LAX,GDL,17,12,2015,47,male,On vacation/Pleasure,Hotel,,True,463
Volaris,LAX,SJC,22,1,2022,32,undisclosed,Back Home,Home,,False,0
American Airlines,SJC,PDX,25,2,2023,88,male,Business/Work,Friend/Family,,True,339
American Airlines,PDX,LAX,10,12,2015,24,female,Back Home,Home,Car rental,False,0
Delta Airlines,PDX,JFK,21,2,2020,64,unspecified,Business/Work,Home,Public Transportation,False,0
American Airlines,JFK,PDX,2,3,2022,65,unspecified,Back Home,Home,Car rental,False,0
Alaska,PDX,LAX,23,10,2018,11,undisclosed,On vacation/Pleasure,Hotel,,True,605
Volaris,JFK,LAX,19,9,2018,32,undisclosed,Back Home,Home,,False,0
Delta Airlines,LAX,PDX,24,2,2018,23,female,Back Home,Home,,False,0
Delta Airlines,LAX,JFK,17,4,2013,35,undisclosed,Business/Work,Home,,True,199
Delta Airlines,JFK,GDL,1,4,2023,22,undisclosed,On vacation/Pleasure,Hotel,Mobility as a service,False,0
Delta Airlines,PDX,GDL,21,12,2014,79,undisclosed,Business/Work,Home,,True,620
Aeromexico,SJC,LAX,30,11,2017,45,female,Back Home,Home,Mobility as a service,False,0
Alaska,PDX,JFK,10,5,2019,30,female,On vacation/Pleasure,Friend/Family,Own car,False,0
Volaris,GDL,LAX,22,12,2018,61,female,On vacation/Pleasure,Home,Airport cab,False,0
American Airlines,SJC,LAX,12,2,2013,57,female,On vacation/Pleasure,Home,Public Transportation,False,0
Alaska,LAX,SJC,22,2,2018,66,undisclosed,Business/Work,Friend/Family,,True,82
Delta Airlines,GDL,JFK,17,6,2020,55,female,Business/Work,Friend/Family,,True,148
Alaska,GDL,LAX,2,8,2016,62,unspecified,Business/Work,Short-term homestay,,True,299
Delta Airlines,JFK,GDL,28,10,2016,3,male,Business/Work,Home,Own car,False,0
Volaris,GDL,JFK,11,11,2015,40,female,On vacation/Pleasure,Hotel,,True,717
American Airlines,LAX,JFK,26,3,2020,11,male,Back Home,Home,Car rental,False,0
American Airlines,JFK,PDX,4,5,2014,66,unspecified,Back Home,Home,Pickup,False,0
Delta Airlines,JFK,SJC,18,1,2023,68,female,Back Home,Home,,False,0
Volaris,SJC,JFK,15,12,2020,79,unspecified,Business/Work,Hotel,,True,144
Volaris,PDX,GDL,16,11,2018,30,male,On vacation/Pleasure,Short-term homestay,Car rental,False,0
Aeromexico,SJC,LAX,6,6,2013,74,undisclosed,On vacation/Pleasure,Friend/Family,Own car,False,0
Alaska,JFK,GDL,23,10,2021,58,male,Business/Work,Home,Pickup,False,0
Alaska,GDL,PDX,13,1,2014,80,undisclosed,On vacation/Pleasure,Friend/Family,Airport cab,False,0
Aeromexico,JFK,GDL,22,1,2015,58,unspecified,Business/Work,Hotel,,True,714
Volaris,GDL,JFK,13,4,2020,35,unspecified,Back Home,Home,Public Transportation,False,0
Alaska,PDX,GDL,17,7,2016,18,female,Business/Work,Home,Car rental,False,0
Aeromexico,JFK,SJC,18,10,2015,33,undisclosed,Business/Work,Home,Public Transportation,False,0
Aeromexico,PDX,LAX,20,4,2018,53,female,Business/Work,Friend/Family,Airport cab,False,0
American Airlines,GDL,JFK,29,4,2019,53,undisclosed,Back Home,Home,Mobility as a service,False,0
Delta Airlines,LAX,PDX,27,7,2021,56,unspecified,Back Home,Home,Public Transportation,False,0
Aeromexico,GDL,SJC,12,12,2022,16,male,Back Home,Home,,False,0
Volaris,JFK,GDL,14,2,2020,9,unspecified,On vacation/Pleasure,Hotel,,True,508
Alaska,SJC,PDX,18,4,2015,40,unspecified,Business/Work,Friend/Family,Car rental,False,0
American Airlines,PDX,SJC,13,3,2014,72,male,Back Home,Home,,False,0
Volaris,LAX,GDL,1,5,2021,28,undisclosed,On vacation/Pleasure,Short-term homestay,,True,425
Alaska,LAX,SJC,10,12,2013,24,female,Business/Work,Home,Mobility as a service,False,0
Delta Airlines,LAX,PDX,26,9,2018,33,unspecified,Business/Work,Friend/Family,Public Transportation,False,0
Alaska,LAX,GDL,10,10,2019,30,female,Back Home,Home,,False,0
Aeromexico,LAX,GDL,10,10,2014,68,undisclosed,Business/Work,Friend/Family,,True,149
Aeromexico,PDX,GDL,30,12,2018,90,unspecified,Business/Work,Friend/Family,,True,570
Alaska,SJC,JFK,5,9,2015,47,male,On vacation/Pleasure,Short-term homestay,,True,596
Delta Airlines,SJC,GDL,5,10,2013,38,undisclosed,On vacation/Pleasure,Short-term homestay,Airport cab,False,0
Alaska,JFK,PDX,19,1,2017,10,unspecified,On vacation/Pleasure,Friend/Family,,True,620
Delta Airlines,LAX,PDX,19,6,2016,45,undisclosed,Back Home,Home,,False,0
Delta Airlines,LAX,GDL,21,7,2013,34,female,Business/Work,Short-term homestay,Public Transportation,False,0
American Airlines,JFK,SJC,4,7,2017,21,undisclosed,Back Home,Home,Airport cab,False,0
Alaska,GDL,SJC,3,4,2015,28,unspecified,Business/Work,Friend/Family,Mobility as a service,False,0
Alaska,PDX,GDL,23,11,2017,48,female,Back Home,Home,Car rental,False,0
American Airlines,PDX,LAX,18,9,2013,38,unspecified,Back Home,Home,Public Transportation,False,0
Aeromexico,PDX,JFK,24,12,2014,74,female,Back Home,Home,Airport cab,False,0
Alaska,JFK,PDX,7,7,2020,20,undisclosed,Business/Work,Hotel,,True,241
Delta Airlines,PDX,LAX,7,3,2018,4,undisclosed,Business/Work,Hotel,Own car,False,0
Aeromexico,LAX,JFK,31,12,2018,87,undisclosed,Business/Work,Friend/Family,Pickup,False,0
Aeromexico,PDX,LAX,21,11,2013,26,unspecified,Business/Work,Home,Pickup,False,0
Delta Airlines,SJC,GDL,17,6,2021,10,unspecified,On vacation/Pleasure,Hotel,Mobility as a service,False,0
American Airlines,PDX,LAX,21,11,2019,23,male,On vacation/Pleasure,Short-term homestay,,True,103
Alaska,LAX,JFK,31,3,2020,82,undisclosed,On vacation/Pleasure,Friend/Family,,True,254
Volaris,GDL,SJC,6,8,2013,29,male,Back Home,Home,Public Transportation,False,0
Volaris,SJC,LAX,4,10,2015,64,undisclosed,On vacation/Pleasure,Home,,True,118
American Airlines,LAX,PDX,18,10,2019,84,female,Business/Work,Friend/Family,Own car,False,0
Delta Airlines,JFK,PDX,3,10,2021,11,male,Business/Work,Short-term homestay,Car rental,False,0
American Airlines,PDX,SJC,30,7,2015,71,unspecified,Business/Work,Hotel,Mobility as a service,False,0
Aeromexico,SJC,PDX,2,3,2016,25,female,On vacation/Pleasure,Hotel,Mobility as a service,False,0
Volaris,LAX,PDX,1,12,2019,6,unspecified,Back Home,Home,,False,0
Volaris,LAX,SJC,16,8,2017,81,undisclosed,Back Home,Home,,False,0
American Airlines,JFK,GDL,3,7,2015,84,male,Back Home,Home,Car rental,False,0
Alaska,GDL,JFK,14,10,2014,33,undisclosed,On vacation/Pleasure,Hotel,Pickup,False,0
American Airlines,PDX,SJC,17,5,2019,8,undisclosed,On vacation/Pleasure,Hotel,Mobility as a service,False,0
Volaris,GDL,PDX,28,8,2018,41,female,Back Home,Home,,False,0
American Airlines,JFK,LAX,25,7,2021,4,unspecified,On vacation/Pleasure,Friend/Family,Car rental,False,0
Alaska,SJC,LAX,18,2,2018,71,male,Back Home,Home,,False,0
Delta Airlines,SJC,PDX,25,5,2013,22,female,Business/Work,Friend/Family,,True,309
Delta Airlines,GDL,LAX,3,3,2022,36,female,Business/Work,Home,,True,193
Delta Airlines,GDL,SJC,7,1,2015,89,undisclosed,Business/Work,Short-term homestay,Public Transportation,False,0
Delta Airlines,LAX,JFK,20,2,2023,36,undisclosed,On vacation/Pleasure,Hotel,Public Transportation,False,0
Delta Airlines,LAX,GDL,28,3,2019,68,male,Back Home,Home,,False,0
Delta Airlines,SJC,JFK,9,10,2018,70,unspecified,Back Home,Home,Own car,False,0
American Airlines,GDL,SJC,17,1,2022,5,female,Business/Work,Hotel,Public Transportation,False,0
Delta Airlines,PDX,LAX,19,9,2018,13,female,Business/Work,Friend/Family,Pickup,False,0
Delta Airlines,JFK,LAX,2,1,2022,78,undisclosed,Back Home,Home,Pickup,False,0
Volaris,LAX,SJC,20,4,2019,77,male,On vacation/Pleasure,Hotel,,True,482
Delta Airlines,GDL,PDX,5,10,2018,3,female,Back Home,Home,Mobility as a service,False,0
Delta Airlines,SJC,PDX,11,11,2022,67,female,Business/Work,Short-term homestay,Car rental,False,0
Alaska,SJC,LAX,21,6,2018,73,unspecified,Business/Work,Short-term homestay,,True,638
American Airlines,GDL,JFK,11,11,2021,18,undisclosed,Business/Work,Friend/Family,Pickup,False,0
Delta Airlines,SJC,JFK,14,9,2020,82,undisclosed,On vacation/Pleasure,Friend/Family,Mobility as a service,False,0
Aeromexico,GDL,LAX,22,12,2017,71,undisclosed,Business/Work,Home,,True,418
Aeromexico,SJC,JFK,29,2,2016,42,undisclosed,Business/Work,Short-term homestay,Mobility as a service,False,0
American Airlines,PDX,JFK,30,1,2019,18,female,Business/Work,Short-term homestay,,True,80
Aeromexico,SJC,JFK,27,9,2017,64,female,Business/Work,Short-term homestay,,True,326
Delta Airlines,GDL,LAX,10,8,2014,69,undisclosed,Back Home,Home,Airport cab,False,0
Volaris,PDX,GDL,9,7,2017,75,male,Back Home,Home,,False,0
American Airlines,JFK,PDX,8,1,2014,55,undisclosed,Business/Work,Hotel,Car rental,False,0
Delta Airlines,SJC,PDX,7,8,2016,59,female,Business/Work,Hotel,,True,287
American Airlines,PDX,JFK,26,10,2013,31,undisclosed,On vacation/Pleasure,Home,,True,428
Alaska,GDL,PDX,8,10,2014,40,female,On vacation/Pleasure,Home,Pickup,False,0
American Airlines,PDX,GDL,27,4,2017,5,undisclosed,Back Home,Home,,False,0
Delta Airlines,PDX,JFK,22,2,2017,51,undisclosed,Back Home,Home,,False,0
Volaris,LAX,JFK,7,9,2019,1,unspecified,Business/Work,Home,,True,589
Volaris,PDX,JFK,27,11,2017,65,female,Back Home,Home,Pickup,False,0
Alaska,LAX,JFK,12,1,2019,68,undisclosed,Business/Work,Friend/Family,Pickup,False,0
American Airlines,SJC,GDL,1,7,2017,73,male,Back Home,Home,,False,0
Alaska,SJC,LAX,5,9,2015,5,unspecified,Back Home,Home,Own car,False,0
Aeromexico,SJC,PDX,24,4,2022,55,female,Business/Work,Short-term homestay,,True,453
Volaris,PDX,GDL,12,4,2017,90,undisclosed,On vacation/Pleasure,Hotel,Airport cab,False,0
Alaska,GDL,JFK,21,2,2015,17,male,Back Home,Home,,False,0
American Airlines,LAX,PDX,8,6,2021,40,undisclosed,On vacation/Pleasure,Hotel,,True,196
American Airlines,JFK,PDX,4,12,2016,39,male,Business/Work,Short-term homestay,Car rental,False,0
Volaris,SJC,GDL,17,2,2013,62,unspecified,Business/Work,Hotel,Airport cab,False,0
Delta Airlines,LAX,SJC,11,5,2016,40,male,Business/Work,Home,Own car,False,0
Aeromexico,SJC,PDX,4,3,2019,34,undisclosed,Back Home,Home,,False,0
Delta Airlines,SJC,GDL,29,1,2015,87,male,Back Home,Home,,False,0
American Airlines,GDL,LAX,29,1,2015,81,female,On vacation/Pleasure,Short-term homestay,Airport cab,False,0
Delta Airlines,JFK,SJC,3,7,2018,2,undisclosed,Business/Work,Friend/Family,,True,673
American Airlines,LAX,GDL,21,5,2022,78,undisclosed,Business/Work,Friend/Family,Pickup,False,0
Alaska,JFK,LAX,8,4,2016,85,undisclosed,Back Home,Home,Mobility as a service,False,0
American Airlines,LAX,SJC,8,9,2022,12,female,On vacation/Pleasure,Short-term homestay,Mobility as a service,False,0
Alaska,LAX,GDL,12,8,2014,54,undisclosed,On vacation/Pleasure,Home,Own car,False,0
Aeromexico,LAX,GDL,22,4,2020,56,undisclosed,Back Home,Home,Pickup,False,0
Aeromexico,JFK,GDL,18,2,2020,47,male,Business/Work,Short-term homestay,Airport cab,False,0
Alaska,GDL,SJC,4,9,2016,88,unspecified,Back Home,Home,,False,0
American Airlines,JFK,LAX,15,3,2023,56,unspecified,Business/Work,Friend/Family,Public Transportation,False,0
American Airlines,GDL,SJC,17,7,2022,75,undisclosed,Back Home,Home,Mobility as a service,False,0
Delta Airlines,GDL,LAX,16,7,2015,84,female,On vacation/Pleasure,Home,,True,709
American Airlines,PDX,SJC,27,8,2014,26,female,Business/Work,Short-term homestay,Mobility as a service,False,0
Delta Airlines,GDL,SJC,30,12,2019,30,unspecified,On vacation/Pleasure,Hotel,,True,165
Alaska,PDX,GDL,10,10,2021,24,undisclosed,On vacation/Pleasure,Short-term homestay,Pickup,False,0
Volaris,PDX,LAX,10,12,2020,33,female,Back Home,Home,Car rental,False,0
Alaska,PDX,SJC,6,11,2021,22,unspecified,Business/Work,Hotel,,True,212
Aeromexico,PDX,JFK,1,3,2014,1,male,Business/Work,Friend/Family,,True,698
American Airlines,SJC,PDX,10,2,2016,31,female,Business/Work,Home,,True,368
Volaris,SJC,LAX,13,2,2016,76,unspecified,Back Home,Home,,False,0
Delta Airlines,JFK,GDL,27,4,2015,10,female,Business/Work,Short-term homestay,Car rental,False,0
Delta Airlines,LAX,PDX,29,3,2020,12,unspecified,On vacation/Pleasure,Short-term homestay,,True,313
Delta Airlines,JFK,GDL,10,12,2016,34,male,On vacation/Pleasure,Short-term homestay,Airport cab,False,0
Delta Airlines,LAX,JFK,31,5,2013,51,undisclosed,Back Home,Home,,False,0
Volaris,JFK,GDL,26,6,2020,17,male,Business/Work,Hotel,Car rental,False,0
American Airlines,LAX,SJC,23,2,2018,68,female,On vacation/Pleasure,Short-term homestay,Own car,False,0
Alaska,PDX,GDL,20,9,2017,75,female,Business/Work,Friend/Family,,True,221
Aeromexico,SJC,GDL,31,8,2017,39,undisclosed,Back Home,Home,,False,0
Volaris,SJC,GDL,12,3,2019,5,male,Back Home,Home,Public Transportation,False,0
Delta Airlines,GDL,LAX,13,9,2018,89,undisclosed,On vacation/Pleasure,Short-term homestay,,True,184
Delta Airlines,PDX,LAX,16,2,2023,17,unspecified,On vacation/Pleasure,Short-term homestay,,True,146
Volaris,PDX,SJC,24,6,2019,49,male,Back Home,Home,,False,0
Volaris,PDX,GDL,26,10,2018,49,female,Business/Work,Short-term homestay,Public Transportation,False,0
Aeromexico,LAX,SJC,18,9,2021,51,female,Back Home,Home,,False,0
American Airlines,PDX,LAX,26,3,2023,89,unspecified,On vacation/Pleasure,Home,Pickup,False,0
American Airlines,SJC,PDX,8,7,2022,76,unspecified,Back Home,Home,,False,0
American Airlines,JFK,SJC,15,5,2018,51,undisclosed,Business/Work,Home,Airport cab,False,0
Alaska,PDX,SJC,6,9,2018,72,undisclosed,Business/Work,Hotel,Mobility as a service,False,0
Delta Airlines,SJC,GDL,4,3,2015,56,female,Back Home,Home,Pickup,False,0
Volaris,SJC,JFK,1,3,2022,73,unspecified,Back Home,Home,,False,0
Delta Airlines,LAX,JFK,10,3,2013,20,unspecified,Business/Work,Friend/Family,Own car,False,0
Volaris,JFK,PDX,2,8,2018,11,unspecified,Back Home,Home,Public Transportation,False,0
Volaris,GDL,JFK,19,7,2019,13,male,On vacation/Pleasure,Short-term homestay,,True,690
American Airlines,PDX,LAX,9,3,2022,64,male,On vacation/Pleasure,Friend/Family,Public Transportation,False,0
Aeromexico,JFK,PDX,28,12,2014,6,undisclosed,Business/Work,Home,,True,355
Aeromexico,GDL,LAX,30,5,2021,71,unspecified,Business/Work,Friend/Family,Airport cab,False,0
Volaris,SJC,LAX,18,10,2014,23,male,On vacation/Pleasure,Home,,True,80
Volaris,JFK,PDX,19,9,2021,14,female,Business/Work,Friend/Family,Airport cab,False,0
Delta Airlines,PDX,JFK,3,1,2016,2,female,Business/Work,Home,,True,158
American Airlines,PDX,GDL,22,8,2016,83,female,Business/Work,Friend/Family,Pickup,False,0
Aeromexico,SJC,GDL,2,5,2013,38,undisclosed,On vacation/Pleasure,Home,Pickup,False,0
Delta Airlines,PDX,LAX,16,12,2019,23,female,On vacation/Pleasure,Friend/Family,,True,504
Delta Airlines,PDX,JFK,23,8,2021,15,undisclosed,Back Home,Home,,False,0
Alaska,GDL,PDX,27,12,2017,75,female,Business/Work,Short-term homestay,Car rental,False,0
Volaris,JFK,GDL,1,8,2020,48,female,Back Home,Home,Car rental,False,0
Volaris,JFK,SJC,16,5,2015,12,male,On vacation/Pleasure,Short-term homestay,,True,645
Volaris,JFK,PDX,11,6,2015,62,male,Business/Work,Short-term homestay,,True,341
Alaska,PDX,GDL,11,9,2021,51,unspecified,Business/Work,Friend/Family,,True,540
Aeromexico,JFK,LAX,16,12,2020,63,male,On vacation/Pleasure,Short-term homestay,,True,437
American Airlines,SJC,JFK,24,12,2022,78,unspecified,On vacation/Pleasure,Short-term homestay,Airport cab,False,0
Volaris,GDL,PDX,8,12,2015,21,undisclosed,On vacation/Pleasure,Friend/Family,Public Transportation,False,0
Alaska,JFK,LAX,8,12,2015,89,undisclosed,Back Home,Home,,False,0
Aeromexico,SJC,PDX,3,9,2020,56,female,Back Home,Home,Mobility as a service,False,0
American Airlines,LAX,PDX,30,12,2020,5,female,On vacation/Pleasure,Friend/Family,,True,376
Volaris,SJC,LAX,28,2,2020,35,male,Back Home,Home,,False,0
American Airlines,JFK,SJC,17,5,2016,29,unspecified,Business/Work,Short-term homestay,Car rental,False,0
Alaska,SJC,LAX,2,5,2020,57,undisclosed,On vacation/Pleasure,Short-term homestay,,True,69
Delta Airlines,PDX,GDL,28,7,2018,77,male,Business/Work,Short-term homestay,Pickup,False,0
American Airlines,SJC,LAX,3,1,2023,9,female,Back Home,Home,Car rental,False,0
American Airlines,PDX,SJC,22,4,2018,82,male,Back Home,Home,Own car,False,0
Alaska,PDX,JFK,20,7,2021,64,female,Business/Work,Short-term homestay,,True,215
Aeromexico,JFK,GDL,29,11,2015,32,undisclosed,Business/Work,Short-term homestay,Mobility as a service,False,0
Delta Airlines,JFK,GDL,6,6,2021,45,undisclosed,Back Home,Home,Mobility as a service,False,0
Aeromexico,SJC,JFK,18,8,2015,65,male,On vacation/Pleasure,Home,Pickup,False,0
Volaris,LAX,JFK,21,7,2015,6,male,On vacation/Pleasure,Hotel,Airport cab,False,0
Alaska,JFK,SJC,8,2,2018,9,male,Business/Work,Home,,True,669
Aeromexico,LAX,GDL,15,6,2017,35,female,On vacation/Pleasure,Friend/Family,Car rental,False,0
Delta Airlines,GDL,PDX,8,2,2015,84,undisclosed,Business/Work,Hotel,,True,372
Alaska,LAX,GDL,30,6,2014,14,male,On vacation/Pleasure,Home,Own car,False,0
Aeromexico,JFK,PDX,4,8,2017,25,unspecified,Back Home,Home,,False,0
Alaska,LAX,GDL,30,1,2019,89,unspecified,Back Home,Home,,False,0
American Airlines,GDL,LAX,27,7,2019,74,undisclosed,Back Home,Home,,False,0
American Airlines,JFK,SJC,15,12,2020,34,female,Back Home,Home,Mobility as a service,False,0
Volaris,LAX,GDL,26,7,2021,85,male,Back Home,Home,,False,0
Delta Airlines,PDX,LAX,6,11,2015,25,female,On vacation/Pleasure,Friend/Family,,True,262
Delta Airlines,LAX,SJC,8,2,2022,6,undisclosed,Back Home,Home,,False,0
Alaska,SJC,LAX,15,7,2016,63,undisclosed,On vacation/Pleasure,Short-term homestay,Airport cab,False,0
Alaska,LAX,JFK,22,1,2022,4,female,Back Home,Home,,False,0
Delta Airlines,SJC,LAX,22,2,2019,53,undisclosed,Back Home,Home,Car rental,False,0
Volaris,JFK,GDL,6,12,2018,85,unspecified,Back Home,Home,,False,0
American Airlines,JFK,SJC,1,9,2015,72,male,Business/Work,Hotel,Mobility as a service,False,0
Alaska,LAX,SJC,3,3,2023,37,undisclosed,Back Home,Home,Pickup,False,0
Volaris,PDX,LAX,16,9,2022,17,male,Back Home,Home,,False,0
American Airlines,PDX,LAX,17,9,2017,4,undisclosed,On vacation/Pleasure,Short-term homestay,,True,484
American Airlines,SJC,GDL,21,10,2017,79,unspecified,On vacation/Pleasure,Friend/Family,,True,214
Aeromexico,GDL,JFK,9,11,2021,73,male,Business/Work,Friend/Family,Car rental,False,0
Delta Airlines,PDX,JFK,25,11,2020,70,undisclosed,Business/Work,Hotel,,True,437
Delta Airlines,LAX,SJC,13,4,2021,23,male,Back Home,Home,Car rental,False,0
Aeromexico,JFK,PDX,22,6,2014,67,unspecified,On vacation/Pleasure,Short-term homestay,Public Transportation,False,0
Alaska,LAX,GDL,2,6,2014,56,unspecified,Business/Work,Friend/Family,Public Transportation,False,0
Volaris,GDL,PDX,7,3,2021,44,undisclosed,Business/Work,Short-term homestay,Car rental,False,0
American Airlines,LAX,GDL,14,9,2021,60,unspecified,Business/Work,Hotel,,True,71
American Airlines,GDL,JFK,25,2,2023,23,unspecified,Back Home,Home,,False,0
Aeromexico,PDX,LAX,9,5,2015,70,male,Back Home,Home,Car rental,False,0
Aeromexico,SJC,GDL,20,10,2021,46,unspecified,Back Home,Home,,False,0
American Airlines,JFK,SJC,18,5,2014,65,male,On vacation/Pleasure,Hotel,,True,45
Volaris,SJC,GDL,15,9,2021,32,unspecified,Business/Work,Hotel,Mobility as a service,False,0
American Airlines,LAX,SJC,23,7,2015,65,male,Back Home,Home,Pickup,False,0
Aeromexico,JFK,SJC,2,9,2014,83,undisclosed,Back Home,Home,Public Transportation,False,0
Aeromexico,JFK,GDL,10,9,2019,10,female,Back Home,Home,Mobility as a service,False,0
Aeromexico,GDL,SJC,17,7,2021,68,male,Back Home,Home,Car rental,False,0
Volaris,GDL,SJC,12,6,2021,54,male,Back Home,Home,Car rental,False,0
Volaris,GDL,LAX,25,1,2019,57,female,Back Home,Home,Mobility as a service,False,0
Volaris,SJC,JFK,4,8,2020,45,female,Business/Work,Short-term homestay,Airport cab,False,0
Volaris,SJC,JFK,6,2,2016,49,unspecified,Business/Work,Home,Airport cab,False,0
Aeromexico,LAX,PDX,31,5,2014,17,undisclosed,Business/Work,Hotel,,True,636
Alaska,GDL,LAX,15,2,2014,48,male,On vacation/Pleasure,Friend/Family,Airport cab,False,0
Volaris,LAX,PDX,6,12,2020,59,unspecified,Back Home,Home,,False,0
Volaris,GDL,JFK,23,1,2016,21,female,Business/Work,Friend/Family,,True,349
Volaris,JFK,GDL,3,3,2014,57,unspecified,On vacation/Pleasure,Short-term homestay,,True,589
Alaska,JFK,PDX,7,12,2017,31,undisclosed,On vacation/Pleasure,Short-term homestay,Pickup,False,0
American Airlines,GDL,JFK,14,9,2020,84,unspecified,On vacation/Pleasure,Home,,True,612
Alaska,JFK,LAX,19,4,2018,35,male,Business/Work,Hotel,Own car,False,0
Volaris,GDL,SJC,12,7,2019,62,female,Back Home,Home,,False,0
American Airlines,LAX,SJC,19,8,2021,45,unspecified,On vacation/Pleasure,Short-term homestay,Own car,False,0
Delta Airlines,LAX,PDX,27,9,2017,58,female,On vacation/Pleasure,Friend/Family,Mobility as a service,False,0
Volaris,GDL,JFK,4,3,2017,57,undisclosed,Business/Work,Home,Mobility as a service,False,0
American Airlines,SJC,PDX,27,7,2021,27,unspecified,On vacation/Pleasure,Short-term homestay,,True,547
Delta Airlines,PDX,SJC,12,6,2020,74,female,Business/Work,Short-term homestay,,True,700
Delta Airlines,JFK,GDL,24,9,2017,27,male,On vacation/Pleasure,Home,,True,85
Alaska,JFK,GDL,9,12,2020,83,undisclosed,Business/Work,Hotel,,True,542
Volaris,GDL,PDX,15,9,2017,4,undisclosed,Back Home,Home,,False,0
Aeromexico,SJC,GDL,22,6,2022,55,undisclosed,On vacation/Pleasure,Hotel,,True,352
Alaska,SJC,GDL,22,12,2013,41,male,Business/Work,Short-term homestay,Airport cab,False,0
American Airlines,PDX,JFK,21,10,2019,68,female,On vacation/Pleasure,Short-term homestay,Public Transportation,False,0
Volaris,LAX,GDL,24,2,2017,35,male,On vacation/Pleasure,Hotel,Pickup,False,0
Volaris,LAX,GDL,14,3,2023,7,female,Business/Work,Friend/Family,,True,701
Delta Airlines,JFK,PDX,11,4,2020,47,female,On vacation/Pleasure,Short-term homestay,Public Transportation,False,0
Volaris,SJC,GDL,12,2,2013,39,male,Business/Work,Hotel,Mobility as a service,False,0
American Airlines,GDL,JFK,2,12,2014,44,unspecified,Business/Work,Short-term homestay,,True,353
American Airlines,LAX,GDL,25,6,2019,52,unspecified,On vacation/Pleasure,Hotel,,True,325
American Airlines,LAX,GDL,21,8,2013,69,undisclosed,On vacation/Pleasure,Home,Mobility as a service,False,0
Alaska,PDX,JFK,4,2,2015,62,undisclosed,Back Home,Home,Public Transportation,False,0
Delta Airlines,PDX,JFK,24,8,2013,1,undisclosed,Back Home,Home,Airport cab,False,0
Volaris,PDX,SJC,14,10,2018,5,male,On vacation/Pleasure,Short-term homestay,Car rental,False,0
Aeromexico,LAX,SJC,14,1,2015,90,unspecified,Business/Work,Home,,True,294
Volaris,SJC,JFK,9,7,2018,58,female,Business/Work,Home,Own car,False,0
Alaska,SJC,LAX,18,9,2015,15,male,Business/Work,Friend/Family,,True,37
Volaris,PDX,GDL,28,2,2013,18,female,On vacation/Pleasure,Hotel,,True,383
Volaris,JFK,GDL,13,8,2020,40,female,Business/Work,Home,Own car,False,0
Volaris,LAX,JFK,24,2,2016,18,undisclosed,Back Home,Home,,False,0
Delta Airlines,GDL,PDX,7,11,2014,35,unspecified,On vacation/Pleasure,Hotel,,True,218
American Airlines,PDX,SJC,13,7,2021,70,male,On vacation/Pleasure,Friend/Family,,True,553
Alaska,JFK,PDX,16,11,2019,56,undisclosed,On vacation/Pleasure,Short-term homestay,,True,435
Delta Airlines,LAX,SJC,14,5,2013,72,male,Back Home,Home,Airport cab,False,0
Volaris,GDL,LAX,24,4,2013,18,unspecified,Back Home,Home,Pickup,False,0
Aeromexico,GDL,SJC,11,5,2022,39,male,Back Home,Home,Public Transportation,False,0
Volaris,PDX,GDL,23,9,2015,11,undisclosed,On vacation/Pleasure,Home,Pickup,False,0
Aeromexico,LAX,GDL,25,4,2015,1,undisclosed,Back Home,Home,Public Transportation,False,0
Volaris,GDL,JFK,13,12,2020,85,male,On vacation/Pleasure,Short-term homestay,,True,358
Alaska,PDX,GDL,14,9,2019,8,unspecified,Back Home,Home,Public Transportation,False,0
Alaska,LAX,SJC,22,4,2018,58,female,Back Home,Home,,False,0
American Airlines,JFK,LAX,17,10,2018,71,male,Business/Work,Hotel,Airport cab,False,0
Volaris,PDX,LAX,6,2,2015,35,unspecified,Back Home,Home,,False,0
Aeromexico,GDL,JFK,9,9,2016,87,unspecified,Business/Work,Home,Public Transportation,False,0
Alaska,SJC,JFK,22,9,2020,52,female,On vacation/Pleasure,Hotel,Pickup,False,0
American Airlines,GDL,PDX,25,11,2014,2,unspecified,Back Home,Home,,False,0
Delta Airlines,JFK,LAX,20,5,2013,76,male,Business/Work,Friend/Family,,True,234
Aeromexico,PDX,JFK,14,5,2019,12,undisclosed,Business/Work,Friend/Family,Own car,False,0
Aeromexico,JFK,GDL,25,5,2022,5,female,Back Home,Home,Pickup,False,0
Alaska,JFK,PDX,22,5,2017,23,male,On vacation/Pleasure,Hotel,,True,631
Volaris,LAX,JFK,28,1,2014,22,unspecified,On vacation/Pleasure,Friend/Family,,True,518
Volaris,SJC,LAX,3,1,2020,16,unspecified,Back Home,Home,,False,0
Delta Airlines,GDL,SJC,12,1,2014,53,undisclosed,On vacation/Pleasure,Friend/Family,,True,203
American Airlines,JFK,SJC,19,11,2020,6,unspecified,Back Home,Home,,False,0
Alaska,LAX,PDX,18,10,2019,30,male,Business/Work,Hotel,,True,473
Aeromexico,GDL,PDX,17,5,2013,86,male,Back Home,Home,Pickup,False,0
Aeromexico,SJC,LAX,27,3,2015,81,female,Back Home,Home,Own car,False,0
Alaska,PDX,GDL,18,12,2021,56,male,On vacation/Pleasure,Hotel,Own car,False,0
Aeromexico,PDX,LAX,4,3,2020,79,male,Business/Work,Home,,True,334
Delta Airlines,JFK,GDL,11,10,2016,27,female,On vacation/Pleasure,Home,,True,207
American Airlines,PDX,GDL,9,6,2020,86,undisclosed,Back Home,Home,,False,0
Alaska,JFK,GDL,22,4,2020,59,undisclosed,On vacation/Pleasure,Home,Pickup,False,0
Aeromexico,JFK,GDL,3,3,2023,75,male,Business/Work,Hotel,,True,626
Aeromexico,SJC,GDL,21,4,2015,45,undisclosed,Back Home,Home,,False,0
Volaris,PDX,JFK,21,8,2018,66,unspecified,Business/Work,Hotel,Mobility as a service,False,0
American Airlines,PDX,SJC,9,11,2018,23,male,On vacation/Pleasure,Short-term homestay,,True,681
Alaska,PDX,JFK,8,2,2019,28,unspecified,Back Home,Home,Mobility as a service,False,0
Volaris,GDL,JFK,17,9,2017,57,male,Business/Work,Friend/Family,,True,417
Delta Airlines,JFK,LAX,18,11,2020,23,female,Back Home,Home,,False,0
Alaska,JFK,PDX,8,8,2018,7,male,Back Home,Home,Airport cab,False,0
Aeromexico,SJC,LAX,10,8,2022,22,unspecified,Back Home,Home,Pickup,False,0
Delta Airlines,GDL,LAX,6,1,2020,55,unspecified,Back Home,Home,,False,0
Aeromexico,PDX,LAX,12,11,2021,54,unspecified,Business/Work,Hotel,Own car,False,0
Aeromexico,SJC,JFK,2,5,2013,72,undisclosed,Business/Work,Short-term homestay,,True,171
American Airlines,PDX,LAX,2,6,2020,1,undisclosed,Back Home,Home,,False,0
Alaska,LAX,SJC,28,10,2014,18,undisclosed,On vacation/Pleasure,Hotel,Mobility as a service,False,0
Aeromexico,PDX,GDL,16,6,2013,3,unspecified,Business/Work,Short-term homestay,,True,140
American Airlines,GDL,LAX,2,11,2013,52,unspecified,Back Home,Home,Mobility as a service,False,0
Delta Airlines,LAX,GDL,28,2,2016,17,unspecified,Business/Work,Home,Mobility as a service,False,0
American Airlines,PDX,GDL,15,11,2018,68,male,Business/Work,Friend/Family,Mobility as a service,False,0
Aeromexico,JFK,LAX,15,10,2022,1,female,Business/Work,Short-term homestay,Public Transportation,False,0
Delta Airlines,PDX,GDL,10,7,2014,2,male,On vacation/Pleasure,Friend/Family,Pickup,False,0
American Airlines,GDL,JFK,19,1,2014,10,male,Business/Work,Short-term homestay,Car rental,False,0
American Airlines,JFK,SJC,26,3,2015,10,unspecified,On vacation/Pleasure,Short-term homestay,,True,330
Delta Airlines,LAX,PDX,3,3,2023,6,female,Back Home,Home,,False,0
American Airlines,SJC,LAX,2,11,2018,51,female,Business/Work,Short-term homestay,,True,246
Delta Airlines,PDX,GDL,21,3,2023,29,female,Back Home,Home,Mobility as a service,False,0
Alaska,GDL,JFK,16,3,2021,23,male,Back Home,Home,Mobility as a service,False,0
Volaris,GDL,PDX,10,5,2013,78,unspecified,Back Home,Home,Car rental,False,0
Volaris,PDX,GDL,9,9,2021,73,female,On vacation/Pleasure,Hotel,Mobility as a service,False,0
Aeromexico,PDX,SJC,14,11,2022,5,undisclosed,Back Home,Home,,False,0
American Airlines,GDL,JFK,11,11,2017,79,female,Back Home,Home,Public Transportation,False,0
Volaris,SJC,LAX,19,1,2019,47,male,Business/Work,Home,Airport cab,False,0
American Airlines,SJC,LAX,8,5,2015,25,female,On vacation/Pleasure,Short-term homestay,,True,372
Volaris,SJC,JFK,30,3,2015,11,unspecified,On vacation/Pleasure,Friend/Family,,True,184
Alaska,GDL,LAX,24,11,2020,2,female,Business/Work,Hotel,Pickup,False,0
American Airlines,SJC,GDL,16,10,2017,73,male,On vacation/Pleasure,Home,,True,597
Delta Airlines,SJC,PDX,21,5,2020,38,unspecified,Business/Work,Short-term homestay,,True,526
Aeromexico,SJC,GDL,19,9,2021,59,unspecified,On vacation/Pleasure,Hotel,,True,575
Aeromexico,SJC,PDX,8,7,2022,12,unspecified,On vacation/Pleasure,Home,,True,507
American Airlines,PDX,JFK,15,2,2014,9,male,On vacation/Pleasure,Friend/Family,Mobility as a service,False,0
Alaska,PDX,LAX,4,3,2022,28,female,Back Home,Home,,False,0
Aeromexico,LAX,SJC,4,4,2016,52,undisclosed,Back Home,Home,Airport cab,False,0
Delta Airlines,LAX,PDX,1,6,2015,51,undisclosed,On vacation/Pleasure,Friend/Family,Own car,False,0
Volaris,GDL,LAX,13,1,2018,45,unspecified,On vacation/Pleasure,Home,,True,704
Alaska,LAX,SJC,7,12,2016,81,female,On vacation/Pleasure,Hotel,Own car,False,0
Volaris,LAX,GDL,10,1,2021,18,undisclosed,Business/Work,Short-term homestay,,True,587
Aeromexico,PDX,LAX,30,7,2022,66,male,Back Home,Home,Public Transportation,False,0
Aeromexico,LAX,PDX,17,5,2018,33,female,On vacation/Pleasure,Hotel,Mobility as a service,False,0
Delta Airlines,JFK,PDX,27,2,2020,29,undisclosed,Business/Work,Short-term homestay,Mobility as a service,False,0
American Airlines,PDX,JFK,13,11,2013,74,female,On vacation/Pleasure,Friend/Family,Airport cab,False,0
Aeromexico,PDX,JFK,30,10,2021,59,male,Back Home,Home,Pickup,False,0
Volaris,SJC,JFK,4,7,2016,60,undisclosed,Business/Work,Home,,True,475
Alaska,PDX,GDL,13,5,2015,17,unspecified,On vacation/Pleasure,Hotel,Public Transportation,False,0
Alaska,SJC,GDL,28,3,2020,87,female,Business/Work,Short-term homestay,,True,42
Volaris,SJC,PDX,18,12,2015,58,male,Back Home,Home,Public Transportation,False,0
American Airlines,PDX,SJC,18,12,2018,2,unspecified,On vacation/Pleasure,Hotel,Airport cab,False,0
Delta Airlines,SJC,GDL,21,6,2013,85,female,Business/Work,Home,,True,592
Delta Airlines,JFK,PDX,26,11,2015,34,female,On vacation/Pleasure,Short-term homestay,,True,330
Delta Airlines,SJC,LAX,6,12,2018,87,male,Back Home,Home,,False,0
Volaris,JFK,GDL,18,6,2015,31,male,On vacation/Pleasure,Short-term homestay,Public Transportation,False,0
American Airlines,SJC,LAX,9,11,2019,33,female,Business/Work,Short-term homestay,,True,663
Aeromexico,LAX,PDX,28,6,2016,39,unspecified,Business/Work,Hotel,Pickup,False,0
Delta Airlines,SJC,GDL,25,5,2014,65,undisclosed,On vacation/Pleasure,Short-term homestay,,True,500
Alaska,LAX,SJC,27,4,2017,3,undisclosed,Business/Work,Friend/Family,Airport cab,False,0
Aeromexico,GDL,SJC,17,4,2023,69,undisclosed,Business/Work,Hotel,Airport cab,False,0
Volaris,SJC,GDL,12,3,2015,61,male,Business/Work,Friend/Family,,True,348
American Airlines,GDL,LAX,9,7,2015,20,male,Back Home,Home,,False,0
Aeromexico,LAX,PDX,4,2,2020,21,undisclosed,On vacation/Pleasure,Friend/Family,,True,354
Aeromexico,JFK,LAX,29,3,2015,4,unspecified,On vacation/Pleasure,Hotel,Airport cab,False,0
Volaris,SJC,GDL,3,12,2022,21,unspecified,Business/Work,Hotel,,True,688
American Airlines,GDL,SJC,17,4,2013,89,undisclosed,On vacation/Pleasure,Home,Public Transportation,False,0
American Airlines,LAX,JFK,20,2,2023,41,female,Back Home,Home,,False,0
Alaska,SJC,JFK,21,5,2015,34,unspecified,Back Home,Home,Car rental,False,0
American Airlines,GDL,SJC,9,1,2013,66,male,On vacation/Pleasure,Friend/Family,Pickup,False,0
Delta Airlines,GDL,JFK,21,8,2018,8,female,Business/Work,Friend/Family,Own car,False,0
American Airlines,JFK,PDX,22,11,2022,59,female,Back Home,Home,Pickup,False,0
Aeromexico,GDL,JFK,6,9,2022,32,undisclosed,Business/Work,Friend/Family,,True,89
Aeromexico,SJC,PDX,27,6,2020,62,male,On vacation/Pleasure,Home,Public Transportation,False,0
Alaska,GDL,SJC,30,9,2021,10,undisclosed,Business/Work,Hotel,,True,212
American Airlines,GDL,LAX,22,10,2017,36,unspecified,Back Home,Home,Mobility as a service,False,0
Volaris,SJC,JFK,29,9,2014,41,male,Business/Work,Home,Car rental,False,0
Volaris,GDL,JFK,2,7,2015,34,female,Back Home,Home,Own car,False,0
Volaris,LAX,SJC,18,2,2019,37,unspecified,Back Home,Home,Car rental,False,0
Aeromexico,PDX,SJC,8,9,2021,13,unspecified,On vacation/Pleasure,Friend/Family,Car rental,False,0
Alaska,PDX,SJC,9,4,2016,13,unspecified,Business/Work,Friend/Family,,True,482
Delta Airlines,SJC,JFK,11,6,2016,84,male,Back Home,Home,,False,0
American Airlines,GDL,JFK,21,4,2020,69,undisclosed,Back Home,Home,,False,0
Delta Airlines,JFK,SJC,28,7,2014,67,unspecified,Business/Work,Friend/Family,Airport cab,False,0
Aeromexico,LAX,PDX,19,7,2015,16,female,Business/Work,Friend/Family,Own car,False,0
Volaris,PDX,GDL,15,4,2015,9,male,Business/Work,Home,Mobility as a service,False,0
Delta Airlines,GDL,PDX,11,1,2015,25,female,Business/Work,Hotel,Mobility as a service,False,0
Alaska,LAX,JFK,16,9,2022,86,female,Business/Work,Friend/Family,,True,542
Volaris,PDX,SJC,9,6,2016,23,male,On vacation/Pleasure,Friend/Family,,True,468
Volaris,JFK,PDX,19,12,2020,37,female,Back Home,Home,Airport cab,False,0
Volaris,SJC,JFK,15,11,2015,4,male,Back Home,Home,,False,0
Aeromexico,PDX,LAX,24,5,2022,23,undisclosed,Back Home,Home,Own car,False,0
Alaska,PDX,JFK,8,10,2015,28,male,Back Home,Home,,False,0
American Airlines,JFK,GDL,4,10,2017,81,unspecified,On vacation/Pleasure,Home,,True,562
American Airlines,PDX,SJC,7,3,2013,48,undisclosed,On vacation/Pleasure,Friend/Family,Own car,False,0
Aeromexico,GDL,SJC,28,10,2013,55,female,Back Home,Home,,False,0
Volaris,GDL,LAX,11,4,2023,49,unspecified,On vacation/Pleasure,Friend/Family,Car rental,False,0
Delta Airlines,LAX,SJC,6,11,2020,90,male,On vacation/Pleasure,Short-term homestay,Pickup,False,0
Volaris,JFK,SJC,8,12,2019,27,unspecified,Business/Work,Short-term homestay,Mobility as a service,False,0
Alaska,PDX,SJC,27,8,2021,88,female,On vacation/Pleasure,Hotel,,True,507
Alaska,JFK,GDL,13,3,2013,66,male,On vacation/Pleasure,Hotel,Mobility as a service,False,0
Delta Airlines,LAX,PDX,10,9,2021,9,unspecified,Back Home,Home,Car rental,False,0
Aeromexico,SJC,LAX,22,6,2020,80,female,Business/Work,Friend/Family,Own car,False,0
Alaska,LAX,SJC,7,11,2017,39,male,Business/Work,Friend/Family,Pickup,False,0
Alaska,JFK,LAX,1,9,2013,77,female,Back Home,Home,Mobility as a service,False,0
Alaska,JFK,LAX,25,4,2013,12,female,Business/Work,Hotel,,True,91
American Airlines,JFK,PDX,10,10,2021,46,female,Back Home,Home,,False,0
Delta Airlines,LAX,SJC,11,4,2016,90,unspecified,Back Home,Home,,False,0
Aeromexico,JFK,SJC,5,9,2019,46,female,Business/Work,Friend/Family,Pickup,False,0
Aeromexico,PDX,LAX,17,7,2021,32,undisclosed,Business/Work,Hotel,Car rental,False,0
Volaris,SJC,JFK,18,5,2018,83,male,Back Home,Home,Public Transportation,False,0
Aeromexico,JFK,SJC,14,8,2013,54,unspecified,Back Home,Home,Own car,False,0
Aeromexico,GDL,SJC,27,9,2017,49,female,Back Home,Home,Car rental,False,0
Alaska,LAX,GDL,25,12,2018,43,female,Business/Work,Friend/Family,Airport cab,False,0
Delta Airlines,GDL,JFK,21,5,2020,87,male,Back Home,Home,Pickup,False,0
Delta Airlines,LAX,GDL,1,4,2016,62,undisclosed,On vacation/Pleasure,Hotel,Pickup,False,0
Volaris,LAX,GDL,23,4,2018,74,female,On vacation/Pleasure,Friend/Family,,True,141
Aeromexico,SJC,PDX,1,2,2018,24,unspecified,Back Home,Home,,False,0
